Latitude,Longitude,Count
"40.80059814453125","-73.96530151367188",325217
"55.95000076293945","-3.200000047683716",145483
"37.750999450683594","-97.8219985961914",18063
"39.04560089111328","-77.38529968261719",6890
"39.90250015258789","-75.29290008544922",6781
"40.76940155029297","-73.96089935302734",5942
"39.92890167236328","116.38829803466797",5063
"37.41780090332031","-122.1719970703125",4817
"42.343101501464844","-71.12300109863281",4475
"39.95970153808594","-75.1968002319336",4440
"41.30939865112305","-72.92400360107422",4037
"38.71390151977539","-9.139399528503418",3664
"41.826698303222656","-71.39769744873047",3315
"25.041799545288086","121.49659729003906",3039
"54.94499969482422","-1.6174999475479126",2852
"37.4114990234375","-120.50389862060547",2839
"52.20000076293945","0.11670000106096268",2790
"32.83259963989258","-96.8467025756836",2716
"39.018001556396484","-77.53900146484375",2443
"38.71670150756836","-9.133299827575684",2135
"51.29930114746094","9.491000175476074",1884
"39.01380157470703","-77.39869689941406",1858
"32.737098693847656","-96.90550231933594",1587
"48.20000076293945","16.36669921875",1528
"35.995399475097656","-78.90190124511719",1500
"33.786598205566406","-118.29869842529297",1398
"42.32210159301758","-71.1333999633789",1370
"35.154701232910156","126.91560363769531",1363
"39.034400939941406","-94.57219696044922",1347
"40.75279998779297","-73.97250366210938",1346
"52.46670150756836","-1.916700005531311",1247
"52.46670150756836","-2.1333000659942627",6
"40.422401428222656","-86.8031005859375",1182
"35.689998626708984","139.69000244140625",1169
"39.567501068115234","-79.9363021850586",1155
"42.380001068115234","-71.13289642333984",1085
20,77,1069
"37.5984992980957","126.97830200195312",1065
"42.50960159301758","-82.93609619140625",1061
"52.516700744628906","13.399999618530273",1001
"52.516700744628906","-2.0833001136779785",48
"51.75","-1.25",1030
"51.75",0,17
"52.222801208496094","0.13050000369548798",1037
"55.17340087890625","-1.625499963760376",1023
"36.79669952392578","-119.92949676513672",1010
"35.180198669433594","136.9066925048828",983
"30.29360008239746","120.1613998413086",970
"52.1968994140625","0.1429000049829483",960
"32.06169891357422","118.77780151367188",941
"37.38850021362305","-122.0740966796875",931
"36.989898681640625","-122.060302734375",922
"39.048099517822266","-77.4728012084961",885
"42.05860137939453","-87.68450164794922",866
"48.25","11.649999618530273",864
50,"8.271100044250488",847
"26.937000274658203","-80.13500213623047",826
"37.291099548339844","127.00890350341797",793
"35.94660186767578","-78.79769897460938",779
"48.12990188598633","11.573200225830078",774
"37.33869934082031","-121.89140319824219",763
"40.714298248291016","-74.00599670410156",758
"32.06660079956055","34.76499938964844",752
"34.432899475097656","-119.83709716796875",731
"40.7317008972168","-73.9885025024414",730
"39.645599365234375","-79.94329833984375",729
"51.38330078125","-0.30000001192092896",717
"39.30540084838867","-76.5519027709961",702
"52.25","-0.8833000063896179",644
"52.25","-1.166700005531311",47
"52.25","0.41670000553131104",5
"38.984100341796875","-77.38269805908203",679
"53.49409866333008","-2.0866000652313232",676
"41.1864013671875","-8.651700019836426",654
"37.511199951171875","126.9740982055664",644
"50.93330001831055","6.949999809265137",638
"40.10300064086914","-74.94149780273438",635
"38.9995002746582","-77.52860260009766",626
"40.785499572753906","-111.73670196533203",625
"37.4536018371582","126.73169708251953",616
"38.92660140991211","-77.39360046386719",599
"40.3755989074707","-74.65969848632812",598
"41.820701599121094","-71.44920349121094",594
"23.5",121,584
"50.88330078125","4.699999809265137",569
"45.74850082397461","4.846700191497803",562
"30.037799835205078","-95.53260040283203",553
"42.44850158691406","-76.48040008544922",545
"42.324100494384766","-83.7113037109375",543
"40.76250076293945","-73.95030212402344",540
"37.866798400878906","-122.25360107421875",539
"42.53239822387695","-70.97360229492188",537
"47.55839920043945","7.573299884796143",534
"50.53329849243164","-3.5999999046325684",531
"52.08290100097656","-0.09459999948740005",505
"34.112098693847656","-118.15640258789062",486
"50.743099212646484","7.059000015258789",479
"36.08330154418945","140.11669921875",478
"-27.108800888061523","152.9490966796875",475
"42.33660125732422","-71.07260131835938",472
"40.32889938354492","-74.58570098876953",464
"42.44459915161133","9.50979995727539",451
"47.144901275634766","8.155099868774414",448
"38.26890182495117","140.8719024658203",447
"35.789398193359375","139.62330627441406",446
46,25,438
"51.49639892578125","-0.12240000069141388",434
"53.79999923706055","-1.583299994468689",421
"52.63330078125","-1.1332999467849731",400
"52.63330078125","13.199999809265137",4
"-26.230899810791016","28.058300018310547",388
"39.387001037597656","-74.62169647216797",385
"34.153900146484375","-117.99189758300781",375
"34.12229919433594","-117.71430206298828",356
"40.74489974975586","-73.97820281982422",354
"37.51110076904297","126.97429656982422",347
"42.01060104370117","-87.6686019897461",341
"43.713600158691406","7.259500026702881",339
"41.14120101928711","-73.26370239257812",335
"58.41669845581055","15.616700172424316",321
"58.41669845581055","14.16670036315918",8
"40.7588005065918","-73.96800231933594",327
"41.88249969482422","-87.64409637451172",318
"43.00790023803711","-71.49500274658203",315
"40.7400016784668","-73.93609619140625",313
"42.40719985961914","-76.51589965820312",311
"41.50740051269531","-81.60530090332031",309
"55.70000076293945","13.183300018310547",300
"37.72169876098633","-122.44439697265625",293
"41.8390007019043","-71.43730163574219",291
"22.25","114.16670227050781",289
"39.04869842529297","-77.60820007324219",282
"42.273399353027344","-83.71330261230469",280
"39.0098991394043","-121.4229965209961",277
"35.0443000793457","-106.67289733886719",276
"50.900001525878906","-1.399999976158142",273
"50.900001525878906","0.4000000059604645",3
"1.2855000495910645","103.85649871826172",267
"42.35820007324219","-71.05069732666016",264
"32.880699157714844","-117.23590087890625",260
"37.8916015625","-122.03810119628906",260
"42.16960144042969","-71.06060028076172",260
"37.40869903564453","-77.6082992553711",258
"32.8120002746582","-96.81430053710938",252
"36.147300720214844","-86.7770004272461",250
"48.85820007324219","2.33870005607605",240
"52.01839828491211","-1.4072999954223633",235
"50.68320083618164","10.918600082397461",230
"51.79710006713867","-1.1854000091552734",229
"41.017799377441406","-73.90899658203125",228
"37.4192008972168","-122.05740356445312",225
"51.53329849243164","9.933300018310547",223
"40.675498962402344","-74.00469970703125",221
"42.08430099487305","-77.02780151367188",221
"40.0547981262207","-75.4083023071289",216
"42.364601135253906","-71.10279846191406",216
"37.5260009765625","-122.35579681396484",214
"39.14659881591797","-84.51969909667969",214
"48.186500549316406","16.354900360107422",214
"37.769100189208984","-122.44490051269531",210
"34.0994987487793","-117.58080291748047",203
"40.18790054321289","-75.42539978027344",202
"35.685001373291016","139.75140380859375",199
"37.290000915527344","-120.48880004882812",199
"31.04560089111328","121.39969635009766",198
"38.4828987121582","-121.63980102539062",196
"36.155399322509766","-95.993896484375",195
"42.05619812011719","-87.70110321044922",189
"51.73210144042969","-1.2063000202178955",186
"51.514198303222656","-0.09309999644756317",185
"30.4424991607666","-84.29859924316406",183
"34.01839828491211","-119.7251968383789",182
"50.766700744628906","-1.2999999523162842",180
"32.15079879760742","34.888301849365234",176
"42.2775993347168","-83.74089813232422",176
"51.68119812011719","6.9629998207092285",175
"42.334598541259766","-71.03620147705078",170
"32.715301513671875","-117.15730285644531",167
"41.83789825439453","-71.39320373535156",167
"50.81809997558594","6.134699821472168",165
"50.11669921875","8.683300018310547",164
"35.06669998168945","136.6999969482422",163
"49.782901763916016","9.936599731445312",162
"38.793800354003906","-9.104599952697754",160
"51.97159957885742","7.606800079345703",158
"53.33890151977539","-6.259500026702881",158
"51.29999923706055","12.33329963684082",157
"29.125200271606445","-82.00289916992188",154
"42.38759994506836","-71.09950256347656",153
"49.166099548339844","-122.5792007446289",153
"31.5","34.75",151
"42.40190124511719","-71.11930084228516",150
"59.766998291015625","10.812899589538574",149
"39.18280029296875","-84.3447036743164",146
"34.05440139770508","-118.24400329589844",143
"50.79999923706055","12.716699600219727",142
"37.29059982299805","-80.10140228271484",141
"42.056400299072266","-71.11990356445312",138
"32.80720138549805","-117.16490173339844",136
"36.03779983520508","-78.98580169677734",136
"47.39720153808594","8.61870002746582",135
"52.58089828491211","13.521699905395508",134
"29.966800689697266","-95.34539794921875",132
"32.85940170288086","-117.2072982788086",131
"40.81159973144531","-73.9530029296875",131
"41.76060104370117","-88.32009887695312",131
"39.027400970458984","-77.23650360107422",129
"48.86280059814453","2.329200029373169",129
"39.95429992675781","-75.16570281982422",128
"22.291000366210938","114.1500015258789",124
"50.99399948120117","11.027600288391113",124
"31.896900177001953","34.818599700927734",123
"40.330501556396484","-74.41790008544922",123
"49.75","6.633299827575684",123
"37.59579849243164","-122.01909637451172",122
"34.02560043334961","-118.47160339355469",117
"37.27220153808594","-121.84359741210938",116
"50.05720138549805","20.88559913635254",116
"39.00120162963867","-76.93170166015625",115
"42.34960174560547","-71.07460021972656",115
"55.74850082397461","37.61840057373047",114
"44.974098205566406","-93.25650024414062",112
"42.495201110839844","-76.36799621582031",110
"39.162601470947266","-76.63159942626953",105
"51.335899353027344","-0.07779999822378159",105
"37.73379898071289","-77.88809967041016",104
"34.41939926147461","-119.70719909667969",103
"39.174800872802734","-77.53260040283203",102
"49.44779968261719","11.068300247192383",102
"52.20930099487305","0.14820000529289246",102
"34.17380142211914","-118.17019653320312",101
"-34.60329818725586","-58.38159942626953",90
"-34.60329818725586","-58.38169860839844",10
"22.283300399780273","114.1500015258789",99
"40.569801330566406","-79.76480102539062",99
"41.10060119628906","-81.64469909667969",99
"42.3484001159668","-71.15509796142578",98
"42.253299713134766","-71.12930297851562",97
"50.965599060058594","7.041999816894531",97
"53.347198486328125","-6.243899822235107",97
"59.95000076293945","10.75",97
"24.803600311279297","120.96859741210938",96
"37.30609893798828","-122.00199890136719",95
"37.008201599121094","-121.87770080566406",94
"49.4635009765625","-122.8219985961914",94
"40.839900970458984","-73.94219970703125",91
"40.50320053100586","-74.42890167236328",90
"39.402000427246094","-76.63289642333984",89
"39.68370056152344","-75.74970245361328",89
"45.64950180053711","13.776800155639648",88
"51.87160110473633","-0.7720999717712402",87
"40.694400787353516","-73.9906005859375",85
"46.61800003051758","7.0569000244140625",83
"38.24330139160156","-122.46019744873047",82
"1.3667000532150269","103.80000305175781",81
"38.954498291015625","-76.94429779052734",81
"42.34920120239258","-71.05919647216797",81
"45.869598388671875","-119.68800354003906",80
"59.33330154418945","18.049999237060547",79
"48.25910186767578","16.333900451660156",78
"53.56909942626953","10.12090015411377",78
"26.381799697875977","-80.10459899902344",76
"39.98830032348633","-75.2208023071289",75
"26.466699600219727","80.3499984741211",74
"35.88959884643555","-78.92440032958984",74
"40.77690124511719","-73.9813003540039",73
"34.40650177001953","-118.40149688720703",72
"42.26679992675781","-83.856201171875",72
"45.87540054321289","4.679699897766113",72
"32.08060073852539","34.81420135498047",70
"41.82400131225586","-71.41280364990234",70
"56.5","-2.9667000770568848",70
"38.64459991455078","-121.27220153808594",69
"47.41429901123047","9.741999626159668",69
"50.99250030517578","7.053699970245361",69
"55.73860168457031","37.6068000793457",67
"34.441200256347656","-119.61859893798828",66
"38.90119934082031","-77.26529693603516",65
"42.30590057373047","-71.08589935302734",65
"50.125","8.676199913024902",65
"52.516998291015625","13.387200355529785",65
"37.42499923706055","-121.94599914550781",64
"38.98419952392578","-77.08419799804688",64
"40.77619934082031","-73.95480346679688",64
"45.354801177978516","-75.57730102539062",64
"52.38240051269531","4.899499893188477",64
"39.08919906616211","-77.18350219726562",63
"55.87080001831055","12.8302001953125",63
"35.29359817504883","-80.73500061035156",62
"47.11600112915039","-114.04979705810547",62
"40.77119827270508","-74.20680236816406",61
"53.67610168457031","-1.9184000492095947",61
"24.80139923095703","121.03939819335938",60
"38.392799377441406","-122.75070190429688",60
"54.25","-0.766700029373169",59
"34.137901306152344","-118.12960052490234",58
"33.96799850463867","-117.31939697265625",57
"39.9359016418457","-75.15339660644531",57
"40.721099853515625","-74.14700317382812",57
"19.434200286865234","-99.13860321044922",56
"38.88650131225586","-77.0969009399414",56
"40.519500732421875","-105.06279754638672",56
"47.66059875488281","-122.29190063476562",56
"30.58009910583496","114.27339935302734",55
"53.54010009765625","10.103099822998047",55
"36.97129821777344","-121.98750305175781",54
"40.070098876953125","-75.2145004272461",54
"48.150001525878906","11.58329963684082",54
"41.149600982666016","-8.611000061035156",53
"45.343299865722656","-75.82649993896484",53
"51.58330154418945","-2.983299970626831",33
"51.58330154418945","0.20000000298023224",20
"39.960899353027344","-75.23100280761719",52
"41.38880157470703","2.1589999198913574",52
"28.17919921875","113.11360168457031",51
"32.71699905395508","-116.99500274658203",51
"37.72489929199219","-122.15609741210938",50
"41.55149841308594","-72.9926986694336",48
"41.66400146484375","-91.5447006225586",48
"42.31890106201172","-71.15039825439453",48
"46.53329849243164","6.6666998863220215",48
"52.16669845581055","11.66670036315918",48
"52.7234001159668","-2.741499900817871",48
"53.57600021362305","10.046699523925781",48
"7.346199989318848","79.8634033203125",47
"40.78049850463867","-73.95120239257812",47
"48.170501708984375","16.32229995727539",47
"33.79520034790039","-84.32479858398438",46
"40.77320098876953","-73.9260025024414",46
"37.867000579833984","-122.23999786376953",45
"38.93790054321289","-9.32759952545166",45
"34.75","135.53329467773438",44
"37.774898529052734","-122.41940307617188",44
"51.14929962158203","-0.9746999740600586",44
"34.01150131225586","-117.85350036621094",43
"35.150001525878906","-106.57279968261719",43
"48.1427001953125","11.55519962310791",43
"33.947200775146484","-117.99510192871094",42
"38.66569900512695","-90.3230972290039",42
"47.62009811401367","-122.14080047607422",42
"40.089500427246094","-75.0458984375",41
"37.88949966430664","-122.2947006225586",40
"38.93109893798828","-77.3488998413086",40
"47.672298431396484","9.18340015411377",40
"52.523799896240234","13.44279956817627",40
"34.05329895019531","-118.25489807128906",39
"38.86000061035156","-77.09870147705078",39
"43.62300109863281","-79.39360046386719",39
"46.52899932861328","6.562600135803223",39
"37.33879852294922","-121.89140319824219",38
"39.264198303222656","-76.58940124511719",38
"45.62799835205078","-110.90129852294922",38
"51.2036018371582","-2.180799961090088",38
"52.47809982299805","12.84529972076416",38
35,"136.96670532226562",37
"41.47959899902344","-81.51100158691406",37
"42.09870147705078","-75.91799926757812",37
"45.46670150756836","9.199999809265137",37
"32.967201232910156","-117.25859832763672",36
"37.9901008605957","-84.17960357666016",36
"40.69449996948242","-74.26899719238281",36
"51.18330001831055","-1.899999976158142",36
"39.938899993896484","-75.18470001220703",35
"39.94070053100586","-75.22810363769531",35
"40.5182991027832","-74.39689636230469",35
"45.6796989440918","-111.0385971069336",35
"31.79210090637207","34.64970016479492",34
"39.9911003112793","-75.10140228271484",34
"42.36600112915039","-71.12300109863281",34
"50.78839874267578","6.104400157928467",34
"50.91490173339844","6.811800003051758",34
"50.923301696777344","6.963500022888184",34
"50.994998931884766","-1.184499979019165",34
"55.86669921875","-3.066699981689453",34
"33.84080123901367","-118.0790023803711",33
"34.049400329589844","-118.26409912109375",33
"53.36669921875","-1.5",33
"26.986000061035156","-80.11859893798828",32
"39.00320053100586","-77.16020202636719",32
"40.128700256347656","-75.05970001220703",32
"40.716800689697266","-73.98609924316406",32
"42.03020095825195","-87.68779754638672",32
"42.2848014831543","-71.0740966796875",32
"43.251399993896484","-79.89250183105469",32
"34.88330078125","136.85000610351562",31
"35.76319885253906","139.80760192871094",31
"37.384498596191406","-122.08809661865234",31
"38.8932991027832","-77.01460266113281",31
"40.667701721191406","-111.93879699707031",31
"43.14789962768555","12.109700202941895",31
"45.507301330566406","-122.69319915771484",31
"26.853900909423828","-80.1897964477539",30
"34.733299255371094","135.5666961669922",30
"41.21609878540039","-111.97129821777344",30
"41.90399932861328","-71.52660369873047",30
47,8,30
"47.36669921875","8.550000190734863",30
"50.90549850463867","7.041399955749512",30
"51.51750183105469","6.833199977874756",30
"-12.06779956817627","-77.0886001586914",29
"39.92210006713867","-75.29450225830078",29
"42.279300689697266","-71.16570281982422",29
"26.267099380493164","-97.81289672851562",28
"40.652198791503906","109.82219696044922",28
"51.242401123046875","7.059999942779541",28
"34.4385986328125","-119.76959991455078",27
"41.82870101928711","-71.51850128173828",27
"43.61090087890625","3.87719988822937",27
"53.54999923706055",10,17
"53.54999923706055","-1.483299970626831",10
"34.36470031738281","-89.5374984741211",26
"36.38330078125","139.73330688476562",26
"40.81629943847656","-73.86209869384766",26
"42.316898345947266","-71.20819854736328",26
"45.41669845581055","11.883299827575684",26
"47.30780029296875","-122.31770324707031",26
"39.08980178833008","-77.06109619140625",25
"41.462799072265625","-72.58280181884766",25
"49.27669906616211","-123.12999725341797",25
"26.180700302124023","-80.27529907226562",24
"29.65690040588379","-98.51069641113281",24
"32.86669921875","-117.24810028076172",24
"37.28030014038086","-121.95670318603516",24
"42.36259841918945","-71.08429718017578",24
"46.02090072631836","8.983599662780762",24
"51.479698181152344","-3.7060999870300293",24
"34.772499084472656","113.72660064697266",23
"38.967201232910156","-76.95919799804688",23
"40.07099914550781","-75.1250991821289",23
"41.215301513671875","-73.87159729003906",23
"49.26459884643555","-123.16480255126953",23
"49.75920104980469","8.617500305175781",23
"-34.587501525878906","-58.67250061035156",22
"19.916900634765625","-99.56580352783203",22
"40.20560073852539","-8.419599533081055",22
"50.879600524902344","4.700900077819824",22
"31.96419906616211","34.80440139770508",21
"34.169498443603516","-118.12229919433594",21
"39.965301513671875","-83.02349853515625",21
"49.287601470947266","1.499899983406067",21
"51.21670150756836","6.76669979095459",21
"51.83530044555664","5.864999771118164",21
"52.13209915161133","0.20960000157356262",21
"-36.86669921875","174.76669311523438",20
"33.817501068115234","-118.22329711914062",20
"37.79570007324219","-122.4208984375",20
"39.5349006652832","-119.75270080566406",20
"40.576499938964844","-111.893798828125",20
"40.698299407958984","-73.88800048828125",20
"49.25590133666992","-123.1322021484375",20
"49.87189865112305","8.64840030670166",20
"50.12080001831055","-122.95439910888672",20
"51.56669998168945","-0.016699999570846558",20
"59.849998474121094","17.63330078125",20
"33.38330078125","-112.11150360107422",19
"33.99440002441406","-118.46379852294922",19
"36.17499923706055","-115.13719940185547",19
"37.41350173950195","-122.1312026977539",19
"38.298099517822266","-77.48259735107422",19
"38.90840148925781","-77.12010192871094",19
"39.95240020751953","-75.16529846191406",19
"49.80440139770508","9.97700023651123",19
"51.112998962402344","6.775199890136719",19
"35.520599365234375","139.71719360351562",18
"37.76969909667969","-122.39330291748047",18
"39.26940155029297","-76.74469757080078",18
"42.2843017578125","-89.01249694824219",18
"42.37649917602539","-71.23560333251953",18
"43.5994987487793","1.4332000017166138",18
"49.25510025024414","-123.06670379638672",18
"50.75640106201172","6.091400146484375",18
"37.56700134277344","-121.98290252685547",17
"39.328800201416016","-76.5967025756836",17
"39.786399841308594","-75.1791000366211",17
"39.79759979248047","-75.53919982910156",17
"40.49810028076172","-74.68659973144531",17
"41.27299880981445","-72.9573974609375",17
"41.85309982299805","-71.86009979248047",17
"46.383201599121094","6.239500045776367",17
"51.98099899291992","5.922399997711182",17
"52.23939895629883","21.03619956970215",17
"52.983299255371094","-1.0666999816894531",17
"53.563499450683594","-2.378000020980835",17
"-33.462501525878906","-70.66819763183594",16
"32.2942008972168","-64.78389739990234",16
"38.92129898071289","-77.0385971069336",16
"39.135799407958984","-76.87200164794922",16
"39.455299377441406","-74.96080017089844",16
"40.05929946899414","-75.04640197753906",16
"40.404998779296875","-79.9740982055664",16
"41.29280090332031","-72.9385986328125",16
"41.38460159301758","-73.09429931640625",16
"42.74100112915039","-71.31610107421875",16
"45.33330154418945","-75.9000015258789",16
"51.41669845581055","-0.5666999816894531",7
"51.41669845581055","0.11670000106096268",6
"51.41669845581055","-0.75",3
"51.440799713134766","6.986299991607666",16
"51.55799865722656","-1.7812000513076782",16
"52.016700744628906","0.25",16
"24.929800033569336","121.28369903564453",15
"34.02909851074219","-118.39929962158203",15
"38.34619903564453","-0.4876999855041504",15
"40.049598693847656","-105.27690124511719",15
"40.75170135498047","-73.99720001220703",15
"41.13520050048828","-81.32599639892578",15
"41.44770050048828","-70.62100219726562",15
"41.91130065917969","-71.12999725341797",15
"44.63100051879883","-63.640499114990234",15
"23.11669921875","113.25",14
"26.850000381469727","80.91670227050781",14
"34.16130065917969","-118.0895004272461",14
"37.971900939941406","-122.5022964477539",14
"43.18709945678711","-70.91000366210938",14
"44.6343994140625","-63.58219909667969",14
"49.27880096435547","-123.11389923095703",14
"51.08470153808594","7.113900184631348",14
"51.21649932861328","6.783599853515625",14
"51.536399841308594","9.939000129699707",14
"51.733299255371094","-1.983299970626831",14
"52.93330001831055","-1.5",14
"-34.79999923706055","-58.45000076293945",13
"21.51689910888672","39.219200134277344",13
"32.16579818725586","34.836700439453125",13
"32.78770065307617","-96.80000305175781",13
"37.29719924926758","-121.88680267333984",13
"38.64500045776367","-9.14840030670166",13
"38.70199966430664","-7.40310001373291",13
"38.733699798583984","-89.94300079345703",13
"39.85660171508789","-74.67040252685547",13
"39.96120071411133","-82.9988021850586",13
"42.3754997253418","-74.79540252685547",13
"42.98350143432617","-81.23860168457031",13
"44.7338981628418","-63.7755012512207",13
"50.10390090942383","8.688599586486816",13
"51.54999923706055","-0.10000000149011612",13
"33.54460144042969","-86.92919921875",12
"33.74800109863281","-84.38580322265625",12
"36.167999267578125","-86.78170013427734",12
"37.91809844970703","-122.07350158691406",12
"38.873600006103516","-90.07319641113281",12
"39.96860122680664","-75.17620086669922",12
"39.97669982910156","-75.25859832763672",12
"40.614601135253906","-73.71610260009766",12
"40.81560134887695","-73.11810302734375",12
"41.849998474121094","-87.6500015258789",12
"41.98429870605469","-87.66349792480469",12
"42.34120178222656","-88.11370086669922",12
"42.36989974975586","-71.23529815673828",12
"42.37310028076172","-71.01619720458984",12
"48.63970184326172","9.011500358581543",12
"49.41669845581055","8.699999809265137",12
"49.87799835205078","7.896500110626221",12
"50.396400451660156","-4.138599872589111",12
"50.83330154418945","-0.18330000340938568",12
"50.9109001159668","13.338800430297852",12
"51.31669998168945","0.4332999885082245",11
"51.31669998168945","-0.53329998254776",1
"51.96670150756836","7.633299827575684",8
"51.96670150756836","-2.9000000953674316",4
"52.090301513671875","13.167699813842773",12
"60.170799255371094","24.9375",12
"-34.87889862060547","-58.05099868774414",11
22,98,11
"22.33329963684082","114.18329620361328",11
"33.98640060424805","-118.0884017944336",11
"34.6864013671875","135.52000427246094",11
"35.733299255371094","139.64999389648438",11
"37.0901985168457","-8.250800132751465",11
"38.631099700927734","-8.913800239562988",11
"38.90140151977539","-77.05259704589844",11
"39.78499984741211","-75.68229675292969",11
"41.18389892578125","-8.148599624633789",11
"43.012298583984375","-81.23069763183594",11
"45.44599914550781","-122.88200378417969",11
"45.96659851074219","-111.11239624023438",11
"47.68470001220703","-122.38480377197266",11
"47.68579864501953","8.614700317382812",11
48,"7.849999904632568",11
"50.702598571777344","7.258399963378906",11
"50.94269943237305","6.876299858093262",11
"50.95109939575195","6.926400184631348",11
"53.516998291015625","10.248800277709961",11
"53.96670150756836","-1.083299994468689",11
"59.86669921875","17.63330078125",11
"19.318300247192383","-99.32330322265625",10
"34.04880142211914","-118.33999633789062",10
"41.162498474121094","-73.5020980834961",10
"41.739498138427734","-71.32060241699219",10
"41.81949996948242","-71.41069793701172",10
"42.39550018310547","-71.18160247802734",10
"42.6338996887207","-71.29570007324219",10
"47.66669845581055","9.183300018310547",10
"49.77280044555664","6.6645002365112305",10
"50.73619842529297","7.100200176239014",10
"50.964298248291016","6.953700065612793",10
"50.983299255371094","-0.10000000149011612",10
"51.349998474121094","-0.20000000298023224",10
"51.97169876098633","5.664899826049805",10
"52.33330154418945","-1.1332999467849731",10
"6.9319000244140625","79.8478012084961",9
"25.78059959411621","-80.18260192871094",9
"32.77870178222656","-96.82170104980469",9
"34.1693000793457","-118.26629638671875",9
"34.18790054321289","-118.2593994140625",9
"38.774600982666016","-75.13929748535156",9
"39.233299255371094","-8.683300018310547",9
"40.13249969482422","-75.3323974609375",9
"40.58530044555664","-105.08439636230469",9
"41.444400787353516","-8.296199798583984",9
"41.55030059814453","-8.420100212097168",9
"41.59980010986328","-70.56310272216797",9
"43.083099365234375","-73.78459930419922",9
"43.22850036621094","-77.65579986572266",9
"44.53129959106445","-89.30460357666016",9
"48.08440017700195","11.492300033569336",9
"49.14849853515625","11.997699737548828",9
"49.39569854736328","10.888500213623047",9
"51.45000076293945","-2.5833001136779785",9
"52.48550033569336","13.439200401306152",9
"54.44710159301758","-6.38700008392334",9
"-38.61669921875","-62.04999923706055",8
"24.989599227905273","121.3187026977539",8
"28.66670036315918","77.2166976928711",8
"29.717599868774414","-95.4188003540039",8
"30.209199905395508","-85.79609680175781",8
"30.658300399780273","-96.32379913330078",8
"33.50910186767578","-112.02649688720703",8
"34.04859924316406","-118.44239807128906",8
"35.021400451660156","135.75559997558594",8
"35.8494987487793","-79.03410339355469",8
"36.664798736572266","-78.37149810791016",8
"37.60200119018555","127.10459899902344",8
"37.917999267578125","-122.3031997680664",8
"38.74380111694336","-77.2332992553711",8
"40.499298095703125","-74.39900207519531",8
"41.922401428222656","-87.65239715576172",8
"41.9734001159668","-88.20649719238281",8
"42.05670166015625","-76.0271987915039",8
"42.35960006713867","-71.12870025634766",8
"42.40299987792969","-71.25900268554688",8
"44.036399841308594","-123.05470275878906",8
"47.40840148925781","-122.1957015991211",8
"47.7156982421875","-122.3010025024414",8
"48.10879898071289","11.726499557495117",8
"48.19810104370117","16.394800186157227",8
"49.48899841308594","8.37909984588623",8
"49.490299224853516","8.533900260925293",8
"50.763099670410156","6.990900039672852",8
"50.84410095214844","-0.11129999905824661",8
"52.80039978027344","-0.9261000156402588",8
"52.96670150756836","-1.166700005531311",8
"53.70000076293945","-1.483299970626831",8
"53.97169876098633","-1.586300015449524",8
"-34.17689895629883","-58.920799255371094",7
"-18.25",35,7
"13.350000381469727","74.7833023071289",7
"22.569700241088867","88.36969757080078",7
"24.466699600219727","54.36669921875",7
"30.613100051879883","-96.32170104980469",7
"33.30619812011719","-111.84130096435547",7
"33.674800872802734","-111.95189666748047",7
"33.735801696777344","-118.29229736328125",7
"34.01190185546875","-118.46820068359375",7
"34.130001068115234","-118.3386001586914",7
"35.16669845581055","33.36669921875",7
"35.25230026245117","-97.46029663085938",7
"35.63399887084961","-106.08499908447266",7
"35.78329849243164","139.89999389648438",7
"37.86579895019531","-122.2750015258789",7
"37.96670150756836","23.716699600219727",7
"39.015201568603516","-119.75060272216797",7
"39.11479949951172","-77.24620056152344",7
"39.116798400878906","-9.093700408935547",7
"39.80179977416992","-75.00800323486328",7
"39.99549865722656","32.62540054321289",7
"40.88589859008789","-74.04679870605469",7
"41.0713005065918","-111.98739624023438",7
"44.40480041503906","8.9443998336792",7
"47.583900451660156","-122.29949951171875",7
"47.610198974609375","-122.3042984008789",7
"47.61029815673828","-122.33409881591797",7
"47.69089889526367","-2.746500015258789",7
"48.15599822998047","3.233599901199341",7
"48.18330001831055","16.08329963684082",7
"48.7760009765625","11.445899963378906",7
"49.01679992675781","12.095399856567383",7
"50.875301361083984","7.020199775695801",7
"51.599998474121094","-1.25",7
"51.91669845581055","-0.2167000025510788",7
"52.5","-2",7
"52.512298583984375","13.439399719238281",7
"53.91709899902344","-2.187000036239624",7
"54.58330154418945","-5.933300018310547",7
"5.068900108337402","-75.51740264892578",6
"23.266700744628906","77.4000015258789",6
"28.600000381469727","77.19999694824219",6
"31.549299240112305","-97.14669799804688",6
"33.752899169921875","-116.05560302734375",6
"34.12139892578125","-118.11630249023438",6
"34.145301818847656","-119.10910034179688",6
"35.604698181152344","140.12330627441406",6
"35.75019836425781","-83.62960052490234",6
"38.07109832763672","-84.59339904785156",6
"38.57490158081055","-121.46520233154297",6
"39.04570007324219","-78.22760009765625",6
"39.3031005859375","-82.08280181884766",6
"39.712799072265625","-8.799300193786621",6
"40.0265998840332","-75.33329772949219",6
"40.11249923706055","-88.24259948730469",6
"40.31330108642578","-75.58580017089844",6
"40.39289855957031","-74.54119873046875",6
"40.65760040283203","-111.88400268554688",6
"40.819400787353516","-111.94629669189453",6
"41.04130172729492","-73.85669708251953",6
"41.338600158691406","-105.86019897460938",6
"41.780399322509766","-87.60269927978516",6
"42.34510040283203","-71.09929656982422",6
"43.99570083618164","-73.15959930419922",6
"44.68190002441406","-63.57680130004883",6
"45.382198333740234","-71.93270111083984",6
"45.599998474121094","11.899999618530273",6
"46.51599884033203","6.632800102233887",6
"47.73849868774414","-122.37480163574219",6
"48.06919860839844","11.376999855041504",6
"49.54999923706055","11.003600120544434",5
"49.54999923706055","7.400000095367432",1
"50.9922981262207","6.9334001541137695",6
"51.03070068359375","6.989799976348877",6
"51.11669921875","-0.18330000340938568",6
"51.40340042114258","6.770299911499023",6
"51.42530059814453","-2.7483999729156494",6
"52.19839859008789","8.586400032043457",6
"52.45000076293945","-1.9500000476837158",6
"52.97629928588867","-0.026599999517202377",6
"53.53329849243164","-2.9166998863220215",6
"54.686100006103516","-1.212499976158142",6
"-33.86119842529297","151.1981964111328",5
"-25.88330078125","-63.93330001831055",5
"23.88010025024414","120.77239990234375",5
"28.107500076293945","-80.5802993774414",5
"32.81560134887695","34.989200592041016",5
"33.811500549316406","-118.18679809570312",5
"34.1161994934082","-118.0811996459961",5
"35.05849838256836","-106.62359619140625",5
"35.64360046386719","139.46839904785156",5
"36.07680130004883","-115.08910369873047",5
"37.02859878540039","-7.841100215911865",5
"37.26689910888672","-80.43250274658203",5
"38.08879852294922","-78.55919647216797",5
"38.93479919433594","-77.26719665527344",5
"38.96780014038086","-122.64769744873047",5
"40.01430130004883","-75.22669982910156",5
"40.58700180053711","-111.98780059814453",5
"40.790401458740234","-74.02459716796875",5
"41.315399169921875","-72.86019897460938",5
"43.366600036621094","-8.406800270080566",5
"44.46139907836914","-93.20069885253906",5
"45.5182991027832","-73.5022964477539",5
"48.85340118408203","2.34879994392395",5
"49.45000076293945","7.75",5
"51.03329849243164","7.116700172424316",3
"51.03329849243164","11.366700172424316",2
"51.09230041503906","6.811399936676025",5
"51.45669937133789","-0.2303999960422516",5
"51.50469970703125","-0.19979999959468842",5
"51.874298095703125","-2.131999969482422",5
"55.675899505615234","12.565500259399414",5
"59.483299255371094","18.299999237060547",5
"-34.44419860839844","-58.57749938964844",4
"-31.952199935913086","115.86139678955078",4
"-31.424999237060547","-64.17500305175781",4
"9.449999809265137","77.56670379638672",4
"9.58329963684082","-79.6500015258789",4
"26.149999618530273","-80.26850128173828",4
"29.70789909362793","-95.4010009765625",4
"29.94300079345703","-81.74330139160156",4
"29.946800231933594","-90.12300109863281",4
"30.143800735473633","-81.54010009765625",4
"31.81559944152832","34.72079849243164",4
"33.76060104370117","-84.17630004882812",4
"34.22610092163086","135.16749572753906",4
"35.187400817871094","-106.49649810791016",4
"36.18239974975586","-80.33809661865234",4
"36.750301361083984","-96.07050323486328",4
"37.80329895019531","-122.41079711914062",4
"38.70669937133789","-8.973899841308594",4
"38.83570098876953","-77.3375015258789",4
"39.00600051879883","-77.10250091552734",4
"39.456199645996094","-77.56670379638672",4
"39.47930145263672","-76.79810333251953",4
"39.490699768066406","-119.90280151367188",4
"39.95940017700195","-75.27279663085938",4
"40.4651985168457","-74.23069763183594",4
"40.75979995727539","-111.86260223388672",4
"40.76620101928711","-73.98619842529297",4
"40.957801818847656","-8.578200340270996",4
"40.981201171875","-76.95870208740234",4
"41.341800689697266","-73.23169708251953",4
"41.511199951171875","-71.37779998779297",4
"41.598899841308594","-72.97760009765625",4
"41.80139923095703","-87.60050201416016",4
"41.97829818725586","-70.74669647216797",4
"42.349998474121094","-71.22689819335938",4
"42.41659927368164","-71.14689636230469",4
"42.4547004699707","-71.15019989013672",4
"43.07310104370117","-89.40119934082031",4
"44.05799865722656","-123.00630187988281",4
"45.36790084838867","-75.73809814453125",4
"45.79999923706055",16,4
"46.19559860229492","6.148099899291992",4
"46.28860092163086","7.532800197601318",4
"47.06669998168945","15.449999809265137",4
"47.36240005493164","-122.19819641113281",4
"47.67380142211914","-122.34190368652344",4
"47.68539810180664","-122.28720092773438",4
"47.71670150756836","10.316699981689453",4
"48.04999923706055","10.866700172424316",4
"48.21670150756836","12.399999618530273",4
"48.35530090332031","10.943099975585938",4
"50.78329849243164","-1.0666999816894531",4
"50.81850051879883","6.2718000411987305",4
"50.849998474121094","4.349999904632568",4
"51.23360061645508","-0.5996000170707703",4
"51.25","-0.766700029373169",4
"51.41469955444336","-2.2455999851226807",4
"52.212398529052734","0.1534000039100647",4
"52.349998474121094","-1.583299994468689",2
"52.349998474121094","4.9166998863220215",2
"52.500701904296875","13.464699745178223",4
"52.650001525878906","-0.48330000042915344",4
"53.100101470947266","8.902899742126465",4
"53.124000549316406","8.746399879455566",4
"53.22800064086914","-4.127999782562256",4
"53.26539993286133","-3.1654999256134033",4
"53.38330078125","-2.3499999046325684",4
"53.45000076293945","-2.733299970626831",4
"-33.709999084472656","150.9600067138672",3
"18.533300399780273","73.86669921875",3
"18.975000381469727","72.82579803466797",3
"20.627399444580078","-87.07990264892578",3
"22.931400299072266","120.23079681396484",3
"27.401599884033203","-82.51930236816406",3
"31.780000686645508","35.22999954223633",3
"32.05500030517578","34.8578987121582",3
"33.660301208496094","-117.99919891357422",3
"34.766700744628906","135.4167022705078",3
"35.233299255371094","136.98330688476562",3
"37.0447998046875","-122.10209655761719",3
"37.73529815673828","-122.37319946289062",3
"37.763099670410156","-122.45860290527344",3
"38.42210006713867","-77.4083023071289",3
"38.54819869995117","-77.76020050048828",3
"38.93539810180664","-77.02839660644531",3
"38.98809814453125","-77.47550201416016",3
"39.17959976196289","-77.73259735107422",3
"39.739200592041016","-104.98470306396484",3
"40.01190185546875","-75.18440246582031",3
"40.73540115356445","-73.87830352783203",3
"41.021400451660156","28.994800567626953",3
"41.84830093383789","-87.65170288085938",3
"42.219600677490234","-83.60459899902344",3
"43.631900787353516","-79.37159729003906",3
"43.643699645996094","-79.57669830322266",3
"43.850101470947266","-79.51629638671875",3
"45.53850173950195","11.78439998626709",3
"47.38240051269531","-122.31379699707031",3
"47.6343994140625","-122.34220123291016",3
"48.001800537109375","7.817999839782715",3
"48.29999923706055","16.316699981689453",3
"48.63119888305664","8.07610034942627",3
"50.45000076293945","30.523300170898438",3
"50.7317008972168","7.057499885559082",3
"50.74620056152344","7.12939977645874",3
"50.91239929199219","6.910799980163574",3
"51.88330078125","-0.41670000553131104",3
"52.223899841308594","21.02199935913086",3
"52.694698333740234","-0.025499999523162842",3
"53.382999420166016","-1.46589994430542",3
"53.46630096435547","-2.134200096130371",3
"57.87099838256836","11.980500221252441",3
"-41.13330078125","-71.29170227050781",2
"-34.92150115966797","-57.954498291015625",2
"-33.49399948120117","143.2104034423828",2
7,81,2
"18.25","-66.5",2
"19.288299560546875","-99.66719818115234",2
"28.983299255371094","77.0167007446289",2
"30.002899169921875","-90.10369873046875",2
"31.911100387573242","131.4239044189453",2
"32.64120101928711","-116.98590087890625",2
"32.74480056762695","-117.17019653320312",2
"32.81829833984375","-117.19660186767578",2
"34.05229949951172","-118.38520050048828",2
"35.04560089111328","-85.30970001220703",2
"35.08449935913086","-106.6511001586914",2
"35.22380065917969","-89.92220306396484",2
"35.233001708984375","-97.41220092773438",2
"35.44779968261719","139.6425018310547",2
"35.52349853515625","-77.30079650878906",2
"35.93439865112305","-86.6781005859375",2
"36.104000091552734","-86.65989685058594",2
"37.540199279785156","-122.3041000366211",2
"37.658199310302734","-122.04309844970703",2
"38.625301361083984","-90.26940155029297",2
"38.874698638916016","-77.11299896240234",2
"39.3656005859375","-76.61990356445312",2
"39.55120086669922","-76.99469757080078",2
"39.952301025390625","-75.16380310058594",2
"39.9818000793457","-75.89129638671875",2
"40.28300094604492","-74.71510314941406",2
"40.335601806640625","-79.55069732666016",2
"40.39649963378906","-74.10749816894531",2
"40.5890007019043","-80.3279037475586",2
"40.5901985168457","-75.35469818115234",2
"40.6713981628418","-73.93609619140625",2
"40.7057991027832","-73.59230041503906",2
"40.7849006652832","-77.84700012207031",2
"40.79209899902344","-73.94390106201172",2
"40.82590103149414","-74.10790252685547",2
"41.93519973754883","-88.29090118408203",2
"42.08549880981445","-87.82469940185547",2
"42.18899917602539","-87.8062973022461",2
"42.49169921875","-71.51699829101562",2
"42.69900131225586","-83.88600158691406",2
"42.923301696777344","-73.8406982421875",2
"43.4463996887207","-79.7593002319336",2
"44.04859924316406","-123.2197036743164",2
"45.523399353027344","-122.67620086669922",2
"45.73379898071289","11.387800216674805",2
"46.22370147705078","7.302800178527832",2
"46.22740173339844","7.355599880218506",2
"46.97779846191406","-122.87159729003906",2
"48.266700744628906","11.399999618530273",2
"48.74440002441406","2.224299907684326",2
"49.27399826049805","-122.76490020751953",2
"50.04610061645508","1.420799970626831",2
"50.61669921875","8.649999618530273",2
"50.77560043334961","7.283100128173828",2
"50.93870162963867","6.954699993133545",2
"51.04999923706055","13.75",2
"51.266700744628906","0.516700029373169",2
"51.46670150756836","0.20000000298023224",2
"51.516700744628906","-0.11670000106096268",2
"51.550899505615234","9.93280029296875",2
"51.75600051879883","14.319700241088867",2
"51.78329849243164","0.16670000553131104",2
"52.330501556396484","-0.18649999797344208",2
"52.49919891357422","13.518799781799316",2
"52.50090026855469","13.435600280761719",2
"53.71670150756836","-1.350000023841858",2
"54.57099914550781","-7.374000072479248",2
"55.41669845581055","13.816699981689453",2
"60.17559814453125","24.934200286865234",2
"-33.75","150.60000610351562",1
"-23.573299407958984","-46.641700744628906",1
"26.262699127197266","127.7614974975586",1
"30.083099365234375","-81.86299896240234",1
"32.475101470947266","-99.73480224609375",1
"34.12810134887695","-118.28929901123047",1
"35.93330001831055",140,1
"36.80649948120117","127.1521987915039",1
"37.37620162963867","-122.18260192871094",1
"38.44049835205078","-122.71440124511719",1
"38.702701568603516","-9.386699676513672",1
"38.78329849243164","-77.12339782714844",1
"39.337398529052734","-76.53679656982422",1
"39.86709976196289","-75.71189880371094",1
"40.43600082397461","-74.48500061035156",1
"40.54119873046875","-119.58689880371094",1
"40.76380157470703","-73.87090301513672",1
"41.74020004272461","-7.468800067901611",1
"41.750099182128906","-71.41089630126953",1
"41.75830078125","-74.0656967163086",1
"41.770599365234375","-0.3310000002384186",1
"42.0166015625","-71.22309875488281",1
"43.209999084472656","-79.65499877929688",1
"44.60419845581055","19.57830047607422",1
"45.002899169921875","-93.48750305175781",1
"46.7400016784668","-1.608299970626831",1
"46.7671012878418","-113.9761962890625",1
"47.19929885864258","8.854299545288086",1
"47.89849853515625","-122.25890350341797",1
"48.68439865112305","6.184999942779541",1
"49.18330001831055","11.600000381469727",1
"50.92250061035156","6.895599842071533",1
51,"-0.9333000183105469",1
"51.60900115966797","4.745500087738037",1
"51.760398864746094","-0.5652999877929688",1
"52.53229904174805","13.384599685668945",1
"53.207000732421875","-1.3178000450134277",1
"56.516700744628906","12.933300018310547",1
